rank,player_id,player_name,season,season_type,scraped_at,rk,name,pos,gp,min,pts,fgm,fga,fg_percent,3pm,3pa,3p_percent,ftm,fta,ft_percent,reb,ast,stl,blk,to,dd2,td3
1,3032977,Giannis Antetokounmpo,2024-25,playoffs,2026-02-12T22:30:24.979797,1,Giannis Antetokounmpo,F,5,37.6,33.0,12.0,19.8,60.6,0.2,1.0,20.0,8.8,12.6,69.8,15.4,6.6,1.0,1.0,4.6,5,1
2,3945274,Luka Doncic,2024-25,playoffs,2026-02-12T22:30:24.979892,2,Luka Doncic,G,5,41.6,30.2,9.4,20.8,45.2,3.2,9.2,34.8,8.2,9.2,89.1,7.0,5.8,1.0,0.6,4.0,1,0
3,4278073,Shai Gilgeous-Alexander,2024-25,playoffs,2026-02-12T22:30:24.979964,3,Shai Gilgeous-Alexander,G,23,37.0,29.9,10.1,21.9,46.2,1.4,4.9,28.3,8.3,9.4,87.6,5.3,6.5,1.7,0.9,2.6,5,0
4,3908809,Donovan Mitchell,2024-25,playoffs,2026-02-12T22:30:24.980025,4,Donovan Mitchell,G,9,32.0,29.6,9.6,21.6,44.3,3.1,9.3,33.3,7.3,9.9,74.2,4.7,3.9,1.9,0.3,1.9,0,0
5,3934672,Jalen Brunson,2024-25,playoffs,2026-02-12T22:30:24.980083,5,Jalen Brunson,G,18,37.8,29.4,10.1,21.8,46.1,2.7,7.4,35.8,6.7,7.8,85.1,3.4,7.0,0.4,0.3,3.1,3,0
6,4432573,Paolo Banchero,2024-25,playoffs,2026-02-12T22:30:24.980220,6,Paolo Banchero,F,5,39.4,29.4,10.8,24.8,43.5,2.4,5.4,44.4,5.4,8.2,65.9,8.4,4.2,0.6,0.8,3.0,1,0
7,4065648,Jayson Tatum,2024-25,playoffs,2026-02-12T22:30:24.980296,7,Jayson Tatum,F,8,40.3,28.1,9.3,21.9,42.3,3.6,9.8,37.2,6.0,6.8,88.9,11.5,5.4,2.1,0.8,3.3,5,0
8,3112335,Nikola Jokic,2024-25,playoffs,2026-02-12T22:30:24.980359,8,Nikola Jokic,C,14,40.2,26.2,9.4,19.1,48.9,1.9,5.1,38.0,5.6,7.2,77.2,12.7,8.0,2.0,0.9,3.9,11,3
9,4566434,Franz Wagner,2024-25,playoffs,2026-02-12T22:30:24.980520,9,Franz Wagner,F,5,39.0,25.8,10.2,23.0,44.3,1.4,7.4,18.9,4.0,5.2,76.9,4.8,5.6,1.2,0.4,2.0,0,0
10,1966,LeBron James,2024-25,playoffs,2026-02-12T22:30:24.980583,10,LeBron James,F,5,40.8,25.4,8.6,17.6,48.9,2.0,5.6,35.7,6.2,8.0,77.5,9.0,5.6,2.0,1.8,2.6,3,0
11,4594268,Anthony Edwards,2024-25,playoffs,2026-02-12T22:30:24.980647,11,Anthony Edwards,G,15,39.0,25.3,9.0,19.9,45.3,3.1,8.7,35.4,4.3,5.9,71.9,7.8,5.5,1.1,0.7,2.6,3,0
12,6450,Kawhi Leonard,2024-25,playoffs,2026-02-12T22:30:24.980704,12,Kawhi Leonard,F,7,37.9,25.0,9.4,17.6,53.7,2.1,5.3,40.5,4.0,5.1,77.8,7.6,4.7,1.1,0.7,2.1,3,0
13,4432166,Cade Cunningham,2024-25,playoffs,2026-02-12T22:30:24.980760,12,Cade Cunningham,G,6,41.3,25.0,9.2,21.5,42.6,0.8,4.7,17.9,5.8,7.0,83.3,8.3,8.7,1.8,1.3,5.3,4,1
14,3975,Stephen Curry,2024-25,playoffs,2026-02-12T22:30:24.980823,14,Stephen Curry,G,8,35.1,22.6,7.8,16.3,47.7,4.0,10.0,40.0,3.1,3.5,89.3,5.3,5.1,1.0,0.8,3.4,1,0
15,3917376,Jaylen Brown,2024-25,playoffs,2026-02-12T22:30:24.980880,15,Jaylen Brown,G,11,36.5,22.1,7.8,17.7,44.1,1.9,5.7,33.3,4.5,6.0,75.8,7.1,3.9,1.0,0.3,3.5,3,0
16,3936299,Jamal Murray,2024-25,playoffs,2026-02-12T22:30:24.980933,16,Jamal Murray,G,14,41.3,21.8,7.9,17.9,44.4,2.4,6.9,35.4,3.5,4.0,87.5,4.9,5.2,1.2,0.8,3.1,0,0
17,3064514,Julius Randle,2024-25,playoffs,2026-02-12T22:30:24.980987,17,Julius Randle,F,15,35.5,21.7,7.7,15.3,50.2,2.0,5.2,38.5,4.4,5.0,88.0,5.9,4.9,0.8,0.1,3.3,2,1
18,3136195,Karl-Anthony Towns,2024-25,playoffs,2026-02-12T22:30:24.981040,18,Karl-Anthony Towns,C,18,35.5,21.4,7.7,15.8,48.8,1.4,4.1,35.1,4.6,5.4,84.5,11.6,1.3,0.7,0.7,2.2,13,0
19,4593803,Jalen Williams,2024-25,playoffs,2026-02-12T22:30:24.981098,19,Jalen Williams,G,23,34.6,21.4,7.7,17.2,44.9,1.5,5.0,30.4,4.4,5.6,78.9,5.5,4.8,1.4,0.4,1.8,1,0
20,4871144,Alperen Sengun,2024-25,playoffs,2026-02-12T22:30:24.981150,20,Alperen Sengun,C,7,36.6,20.9,8.4,18.7,45.0,0.4,1.1,37.5,3.6,5.7,62.5,11.9,5.3,1.9,0.4,2.1,5,0
21,3149673,Pascal Siakam,2024-25,playoffs,2026-02-12T22:30:24.981205,21,Pascal Siakam,F,23,33.5,20.5,7.6,14.8,51.3,1.5,3.6,42.7,3.8,5.3,71.3,6.3,3.4,1.2,0.7,1.3,3,0
22,6430,Jimmy Butler III,2024-25,playoffs,2026-02-12T22:30:24.981394,22,Jimmy Butler III,F,11,36.1,19.2,6.2,13.8,44.7,1.0,3.3,30.6,5.8,7.3,80.0,6.6,5.2,1.3,0.3,1.2,1,0
23,3078576,Derrick White,2024-25,playoffs,2026-02-12T22:30:24.981557,23,Derrick White,G,11,37.7,18.8,6.2,13.4,46.3,3.6,9.5,38.5,2.8,3.3,86.1,5.1,3.5,0.6,1.1,1.2,1,0
24,3992,James Harden,2024-25,playoffs,2026-02-12T22:30:24.981637,24,James Harden,G,7,39.4,18.7,6.3,14.4,43.6,2.3,6.3,36.4,3.9,4.7,81.8,5.4,9.1,1.3,1.0,3.0,2,0
25,2991230,Fred VanVleet,2024-25,playoffs,2026-02-12T22:30:24.981702,24,Fred VanVleet,G,7,40.0,18.7,5.7,13.3,43.0,3.9,8.9,43.5,3.4,3.4,100.0,4.1,4.4,1.0,0.3,1.9,0,0
26,4017837,Ivica Zubac,2024-25,playoffs,2026-02-12T22:30:24.981761,26,Ivica Zubac,C,7,36.6,17.4,7.7,11.7,65.9,0.0,0.0,0.0,2.0,3.7,53.8,10.1,2.3,0.7,1.0,1.6,4,0
27,4396993,Tyrese Haliburton,2024-25,playoffs,2026-02-12T22:30:24.981821,27,Tyrese Haliburton,G,23,33.6,17.3,6.3,13.7,46.3,2.3,6.9,34.0,2.3,2.8,82.8,5.3,8.6,1.3,0.7,2.3,11,1
28,4432158,Evan Mobley,2024-25,playoffs,2026-02-12T22:30:24.981879,28,Evan Mobley,C,8,32.1,17.1,6.4,10.9,58.6,1.8,3.9,45.2,2.6,3.1,84.0,8.1,1.6,1.1,1.0,1.4,3,0
29,3934719,OG Anunoby,2024-25,playoffs,2026-02-12T22:30:24.981939,29,OG Anunoby,F,18,39.2,16.3,5.7,13.7,41.7,2.3,6.7,33.9,2.6,3.2,81.0,4.6,1.3,2.0,1.2,1.7,0,0
30,3064290,Aaron Gordon,2024-25,playoffs,2026-02-12T22:30:24.981997,30,Aaron Gordon,F,14,37.3,16.2,5.8,11.9,48.5,1.6,4.1,37.9,3.1,3.6,86.0,7.6,2.7,0.6,0.4,1.9,2,0
31,2595516,Norman Powell,2024-25,playoffs,2026-02-12T22:30:24.982061,31,Norman Powell,G,7,34.0,16.0,6.0,12.7,47.2,2.0,5.7,35.0,2.0,2.6,77.8,2.4,2.4,1.1,0.3,1.7,0,0
32,4684740,Amen Thompson,2024-25,playoffs,2026-02-12T22:30:24.982122,32,Amen Thompson,G,7,33.0,15.7,6.0,12.1,49.4,0.1,0.6,25.0,3.6,5.1,69.4,6.9,3.3,1.7,0.9,1.7,0,0
33,3147657,Mikal Bridges,2024-25,playoffs,2026-02-12T22:30:24.982344,33,Mikal Bridges,G,18,39.2,15.6,6.7,14.6,45.6,1.6,4.7,33.3,0.7,0.9,75.0,4.5,2.9,1.7,0.9,2.1,0,0
34,4433247,Jonathan Kuminga,2024-25,playoffs,2026-02-12T22:30:24.982454,34,Jonathan Kuminga,F,8,23.4,15.3,5.6,11.6,48.4,1.3,3.1,40.0,2.8,3.9,71.0,2.5,1.3,0.5,0.5,1.6,0,0
35,4433255,Chet Holmgren,2024-25,playoffs,2026-02-12T22:30:24.982519,35,Chet Holmgren,C,23,29.8,15.2,5.3,11.6,46.2,1.2,4.0,29.7,3.3,4.2,78.4,8.7,1.0,0.7,1.9,1.2,8,0
36,4431671,Jaden McDaniels,2024-25,playoffs,2026-02-12T22:30:24.982584,36,Jaden McDaniels,F,15,33.1,14.7,5.8,11.3,51.5,1.4,3.7,38.2,1.7,1.9,89.3,5.6,1.5,1.3,0.9,1.2,2,0
37,3133628,Myles Turner,2024-25,playoffs,2026-02-12T22:30:24.982686,37,Myles Turner,C,23,29.3,13.8,4.6,9.5,48.4,1.3,3.9,34.4,3.2,4.2,77.1,4.8,1.4,0.5,2.0,1.7,1,0
38,4066328,Jarrett Allen,2024-25,playoffs,2026-02-12T22:30:24.982771,38,Jarrett Allen,C,9,29.0,13.4,4.9,6.8,72.1,0.0,0.0,0.0,3.7,3.9,94.3,8.4,1.3,1.4,0.9,1.9,5,0
39,4396909,Aaron Nesmith,2024-25,playoffs,2026-02-12T22:30:24.982854,39,Aaron Nesmith,G,23,28.3,12.7,4.3,9.2,47.2,2.6,5.3,49.2,1.3,1.6,86.1,5.7,1.1,0.9,0.8,1.0,3,0
40,4431767,Christian Braun,2024-25,playoffs,2026-02-12T22:30:24.982939,40,Christian Braun,G,14,38.9,12.6,4.8,10.6,45.3,1.5,5.0,30.0,1.6,2.2,71.0,6.4,2.4,1.2,0.7,1.0,3,0
41,2990984,Buddy Hield,2024-25,playoffs,2026-02-12T22:30:24.983021,41,Buddy Hield,G,12,27.3,12.5,4.3,10.4,41.6,2.8,6.4,42.9,1.1,1.2,92.9,3.5,1.8,1.2,0.4,1.1,0,0
42,4395712,Andrew Nembhard,2024-25,playoffs,2026-02-12T22:30:24.983105,42,Andrew Nembhard,G,23,33.4,12.5,4.6,9.7,47.1,1.7,3.7,46.5,1.6,2.0,80.4,3.2,4.7,1.5,0.2,1.8,1,0
43,4066354,Payton Pritchard,2024-25,playoffs,2026-02-12T22:30:24.983184,43,Payton Pritchard,G,11,27.5,11.9,4.1,9.0,45.5,2.5,6.1,40.3,1.3,1.5,82.4,2.3,1.5,0.5,0.0,0.8,0,0
44,3468,Russell Westbrook,2024-25,playoffs,2026-02-12T22:30:24.983267,44,Russell Westbrook,G,13,24.1,11.7,4.0,10.2,39.1,1.5,4.8,31.7,2.2,3.1,70.0,3.7,2.6,0.9,0.1,2.3,1,0
45,4065733,Ty Jerome,2024-25,playoffs,2026-02-12T22:30:24.983348,45,Ty Jerome,G,9,21.2,11.7,4.1,10.2,40.2,1.6,4.0,38.9,1.9,2.2,85.0,2.4,3.6,0.6,0.1,1.2,1,0
46,4065778,Max Strus,2024-25,playoffs,2026-02-12T22:30:24.983435,45,Max Strus,G,9,28.1,11.7,4.1,9.9,41.6,2.9,7.4,38.8,0.6,0.7,83.3,5.7,3.9,0.7,0.2,0.8,0,0
47,3062679,Josh Hart,2024-25,playoffs,2026-02-12T22:30:24.983515,47,Josh Hart,G,18,35.7,11.6,3.8,8.0,47.2,1.1,3.0,37.0,2.9,3.7,77.6,8.8,4.4,1.1,0.6,1.9,6,1
48,4709138,Brandin Podziemski,2024-25,playoffs,2026-02-12T22:30:24.983601,48,Brandin Podziemski,G,12,32.1,11.3,4.0,11.0,36.4,1.8,5.6,32.8,1.4,2.0,70.8,5.0,3.1,1.3,0.2,1.5,0,0
49,4683634,Bennedict Mathurin,2024-25,playoffs,2026-02-12T22:30:24.983671,49,Bennedict Mathurin,G,22,17.5,11.0,3.1,6.7,45.9,0.8,2.7,30.0,4.0,4.7,86.4,3.3,0.9,0.4,0.3,1.2,1,0
50,4396971,Naz Reid,2024-25,playoffs,2026-02-12T22:30:24.983738,50,Naz Reid,C,15,25.0,10.4,3.7,7.3,50.9,1.7,4.2,39.7,1.3,1.7,76.0,4.7,1.7,0.7,0.9,1.9,0,0
51,2530530,T.J. McConnell,2024-25,playoffs,2026-02-12T22:30:24.983806,51,T.J. McConnell,G,23,17.5,9.5,4.1,7.6,53.7,0.3,0.8,42.1,1.0,1.2,81.5,3.3,4.0,0.9,0.1,1.9,0,0
52,4278355,O. Toppin,2024-25,playoffs,2026-02-12T22:30:24.983874,52,O. Toppin,F,23,19.1,9.4,3.6,7.4,48.5,1.1,3.4,32.1,1.1,1.6,69.4,3.8,1.3,0.7,0.3,1.0,0,0
53,2991350,A. Caruso,2024-25,playoffs,2026-02-12T22:30:24.983941,53,A. Caruso,G,23,24.4,9.2,3.1,7.0,45.0,1.6,3.9,41.1,1.3,1.7,79.5,2.7,2.2,2.0,0.6,0.8,0,0
54,4278104,M. Porter Jr.,2024-25,playoffs,2026-02-12T22:30:24.984012,54,M. Porter Jr.,F,14,31.1,9.1,3.4,8.6,39.2,1.7,5.0,34.3,0.7,1.0,71.4,5.5,0.6,0.6,0.4,0.9,1,0
55,6589,D. Green,2024-25,playoffs,2026-02-12T22:30:24.984150,55,D. Green,F,12,32.4,9.1,3.5,9.0,38.9,1.3,5.0,26.7,0.8,1.1,69.2,5.5,3.8,1.4,0.9,3.0,0,0
56,3934673,D. DiVincenzo,2024-25,playoffs,2026-02-12T22:30:24.984248,56,D. DiVincenzo,G,15,25.1,8.7,3.1,8.4,36.5,1.9,5.9,31.8,0.7,0.9,76.9,3.1,3.3,1.4,0.3,1.9,0,0
57,4278039,N. Alexander-Walker,2024-25,playoffs,2026-02-12T22:30:24.984354,57,N. Alexander-Walker,G,15,20.7,8.3,2.9,7.5,38.9,1.5,4.2,34.9,1.0,1.1,88.2,1.8,2.3,0.4,0.3,1.5,0,0
58,4222252,I. Hartenstein,2024-25,playoffs,2026-02-12T22:30:24.984438,58,I. Hartenstein,C,23,22.4,8.1,3.6,5.8,61.9,0.0,0.0,0.0,0.9,1.3,66.7,7.5,2.2,0.8,0.5,1.2,2,0
59,4397020,L. Dort,2024-25,playoffs,2026-02-12T22:30:24.984512,59,L. Dort,G,23,29.0,7.9,2.6,7.1,36.6,2.1,6.1,34.3,0.6,1.0,63.6,3.9,0.9,1.3,0.4,0.9,0,0
60,3032976,R. Gobert,2024-25,playoffs,2026-02-12T22:30:24.984587,60,R. Gobert,C,15,27.4,7.9,3.1,5.3,58.2,0.0,0.0,0.0,1.7,3.3,52.0,8.6,0.7,0.5,1.2,0.9,1,0
61,4397183,A. Wiggins,2024-25,playoffs,2026-02-12T22:30:24.984644,61,A. Wiggins,G,22,13.8,6.0,2.1,5.4,39.5,1.1,3.1,36.2,0.6,0.8,76.5,2.3,0.9,0.5,0.3,0.8,0,0
62,4431823,M. McBride,2024-25,playoffs,2026-02-12T22:30:24.984698,62,M. McBride,G,18,18.9,5.8,1.9,5.0,37.8,1.2,3.3,37.3,0.8,0.9,82.4,1.2,1.0,0.4,0.1,0.6,0,0
63,4683692,C. Wallace,2024-25,playoffs,2026-02-12T22:30:24.984753,63,C. Wallace,G,23,22.4,5.6,2.2,5.2,42.9,0.9,2.7,32.3,0.3,0.4,66.7,2.7,2.1,1.4,0.4,0.7,0,0
64,4395702,I. Joe,2024-25,playoffs,2026-02-12T22:30:24.984807,64,I. Joe,G,21,10.0,5.1,1.7,3.5,49.3,1.1,2.7,41.1,0.6,0.7,85.7,1.4,0.7,0.3,0.1,0.3,0,0
65,4277843,G. Trent Jr.,2024-25,playoffs,2026-02-12T22:30:24.984876,-,G. Trent Jr.,G,5,34.2,18.8,6.4,12.4,51.6,4.4,8.8,50.0,1.6,2.0,80.0,2.2,1.2,2.6,0.0,0.6,0,0
66,4279888,J. Morant,2024-25,playoffs,2026-02-12T22:30:24.984932,-,J. Morant,G,3,27.3,18.3,7.3,17.7,41.5,1.3,5.3,25.0,2.3,3.7,63.6,2.0,5.0,0.7,0.7,2.0,0,0
67,4431785,S. Pippen Jr.,2024-25,playoffs,2026-02-12T22:30:24.984987,-,S. Pippen Jr.,G,4,32.3,18.3,5.5,14.5,37.9,2.5,7.0,35.7,4.8,4.8,100.0,5.5,3.5,1.0,0.3,3.5,1,0
68,4396907,D. Garland,2024-25,playoffs,2026-02-12T22:30:24.985039,-,D. Garland,G,5,29.6,18.0,5.8,13.8,42.0,2.0,7.0,28.6,4.4,4.8,91.7,2.2,5.2,0.4,0.0,3.0,0,0
69,4395725,T. Herro,2024-25,playoffs,2026-02-12T22:30:24.985093,-,T. Herro,G,4,36.0,17.8,6.8,16.3,41.5,2.3,7.3,31.0,2.0,2.5,80.0,3.5,2.8,0.5,0.0,2.3,0,0
70,4066261,B. Adebayo,2024-25,playoffs,2026-02-12T22:30:24.985145,-,B. Adebayo,C,4,38.3,17.5,7.0,16.0,43.8,1.8,5.3,33.3,1.8,2.8,63.6,11.0,4.3,1.0,0.3,3.0,2,0
71,4066457,A. Reaves,2024-25,playoffs,2026-02-12T22:30:24.985200,-,A. Reaves,G,5,39.2,16.2,6.0,14.6,41.1,3.0,9.4,31.9,1.2,1.4,85.7,5.4,3.6,0.2,0.6,2.8,0,0
72,4277961,J. Jackson Jr.,2024-25,playoffs,2026-02-12T22:30:24.985252,-,J. Jackson Jr.,F,4,34.3,16.0,5.5,14.5,37.9,0.8,2.8,27.3,4.3,5.0,85.0,5.0,1.5,1.0,0.5,2.8,0,0
73,6440,T. Harris,2024-25,playoffs,2026-02-12T22:30:24.985307,-,T. Harris,F,6,38.8,15.7,5.7,11.8,47.9,1.7,3.8,43.5,2.7,2.7,100.0,7.7,0.5,1.0,1.2,1.0,1,0
74,4066320,D. Bane,2024-25,playoffs,2026-02-12T22:30:24.985360,-,D. Bane,G,4,34.8,15.3,5.0,15.8,31.7,1.8,8.0,21.9,3.5,3.8,93.3,6.8,3.3,0.8,0.5,3.8,1,0
75,4278053,D. Mitchell,2024-25,playoffs,2026-02-12T22:30:24.985414,-,D. Mitchell,G,4,35.5,15.0,6.3,10.3,61.0,1.8,3.5,50.0,0.8,1.8,42.9,2.3,6.3,0.8,0.3,2.0,0,0
76,4066648,R. Hachimura,2024-25,playoffs,2026-02-12T22:30:24.985467,-,R. Hachimura,F,5,36.4,14.8,5.6,11.4,49.1,3.0,6.2,48.4,0.6,0.6,100.0,4.6,1.0,0.6,0.6,1.4,0,0
77,3064482,B. Portis,2024-25,playoffs,2026-02-12T22:30:24.985522,-,B. Portis,F,5,31.6,14.0,6.0,13.6,44.1,2.0,5.6,35.7,0.0,0.2,0.0,8.2,1.4,0.4,0.4,1.2,2,0
78,3907822,M. Beasley,2024-25,playoffs,2026-02-12T22:30:24.985579,-,M. Beasley,SG,6,27.2,14.0,4.7,12.5,37.3,3.3,9.8,33.9,1.3,1.3,100.0,2.5,1.2,0.5,0.2,1.2,0,0
79,4437244,J. Green,2024-25,playoffs,2026-02-12T22:30:24.985633,-,J. Green,G,7,31.3,13.3,4.6,12.3,37.2,1.9,6.3,29.5,2.3,3.4,66.7,5.4,2.9,0.6,0.3,1.4,0,0
80,4593125,S. Aldama,2024-25,playoffs,2026-02-12T22:30:24.985686,-,S. Aldama,F,4,30.5,13.0,5.3,11.0,47.7,2.5,6.0,41.7,0.0,0.0,0.0,6.0,1.8,0.0,0.3,1.3,0,0
81,3032979,D. Schroder,2024-25,playoffs,2026-02-12T22:30:24.985741,-,D. Schroder,G,6,27.3,12.5,4.3,8.8,49.1,1.7,3.5,47.6,2.2,2.7,81.3,2.3,3.7,1.2,0.2,1.2,0,0
82,3155526,D. Brooks,2024-25,playoffs,2026-02-12T22:30:24.985794,-,D. Brooks,F,7,29.4,12.3,4.0,9.0,44.4,1.4,4.1,34.5,2.9,3.4,83.3,3.1,1.3,0.7,0.3,1.3,0,0
83,2528210,T. Hardaway Jr.,2024-25,playoffs,2026-02-12T22:30:24.985857,-,T. Hardaway Jr.,G,6,31.3,12.0,4.0,11.8,33.8,2.7,8.7,30.8,1.3,1.7,80.0,2.8,1.2,0.3,0.0,1.5,0,0
84,4433621,J. Duren,2024-25,playoffs,2026-02-12T22:30:24.985913,-,J. Duren,C,6,33.8,11.8,4.3,6.7,65.0,0.0,0.0,0.0,3.2,3.8,82.6,10.7,3.5,0.3,1.7,1.7,1,0
85,3059319,A. Wiggins,2024-25,playoffs,2026-02-12T22:30:24.985970,-,A. Wiggins,F,4,30.5,11.5,4.0,10.8,37.2,1.8,5.0,35.0,1.8,2.5,70.0,3.3,2.3,0.3,1.3,2.8,0,0
86,4684742,A. Thompson,2024-25,playoffs,2026-02-12T22:30:24.986023,-,A. Thompson,G,6,22.5,11.5,4.0,7.0,57.1,0.0,0.3,0.0,3.5,6.0,58.3,5.2,1.0,1.2,0.8,1.8,0,0
87,4397140,K. Porter Jr.,2024-25,playoffs,2026-02-12T22:30:24.986075,-,K. Porter Jr.,G,5,30.2,11.2,3.8,9.6,39.6,1.4,3.0,46.7,2.2,2.6,84.6,3.6,5.4,0.8,0.0,1.8,0,0
88,4065732,D. Hunter,2024-25,playoffs,2026-02-12T22:30:24.986128,-,D. Hunter,F,8,23.1,11.0,3.4,7.9,42.9,1.5,3.3,46.2,2.8,3.3,84.6,3.6,1.0,0.5,0.1,0.9,0,0
89,4397475,A. Green,2024-25,playoffs,2026-02-12T22:30:24.986181,-,A. Green,G,5,27.0,11.0,3.6,7.8,46.2,3.6,7.0,51.4,0.2,0.4,50.0,2.8,2.0,0.0,0.2,0.0,0,0
90,4277847,W. Carter Jr.,2024-25,playoffs,2026-02-12T22:30:24.986233,-,W. Carter Jr.,C,5,32.4,10.2,4.2,8.0,52.5,0.6,2.2,27.3,1.2,2.0,60.0,10.8,1.2,0.4,0.4,1.6,2,0
91,3995,J. Holiday,2024-25,playoffs,2026-02-12T22:30:24.986287,-,J. Holiday,G,8,33.0,9.5,3.6,7.5,48.3,1.1,3.3,34.6,1.1,1.6,69.2,4.1,4.0,0.9,0.1,2.0,0,0
92,4997528,N. Jovic,2024-25,playoffs,2026-02-12T22:30:24.986341,-,N. Jovic,F,4,18.8,9.5,3.3,8.8,37.1,1.5,6.0,25.0,1.5,1.5,100.0,4.0,1.5,0.8,0.3,1.3,0,0
93,4277848,M. Bagley III,2024-25,playoffs,2026-02-12T22:30:24.986395,-,M. Bagley III,F,2,14.0,8.5,4.0,4.5,88.9,0.5,0.5,100.0,0.0,0.0,0.0,3.0,0.0,1.0,0.5,1.5,0,0
94,4712849,A. Black,2024-25,playoffs,2026-02-12T22:30:24.986447,-,A. Black,G,5,17.8,8.2,3.0,7.4,40.5,0.4,2.6,15.4,1.8,2.6,69.2,4.4,0.0,0.8,0.2,0.4,0,0
95,3213,A. Horford,2024-25,playoffs,2026-02-12T22:30:24.986500,-,A. Horford,C,11,31.6,8.0,3.1,6.5,47.2,1.3,3.2,40.0,0.5,0.6,85.7,6.0,1.8,0.6,1.3,0.6,0,0
96,3102531,K. Porzingis,2024-25,playoffs,2026-02-12T22:30:24.986556,-,K. Porzingis,C,11,21.0,7.7,2.3,7.2,31.6,0.4,2.4,15.4,2.8,4.1,68.9,4.6,0.7,0.9,0.8,0.9,1,0
97,4433192,T. Eason,2024-25,playoffs,2026-02-12T22:30:24.986608,-,T. Eason,F,7,18.9,7.6,3.0,6.3,47.7,1.0,2.7,36.8,0.6,1.1,50.0,4.3,0.7,1.1,1.0,1.4,0,0
98,4432639,J. Smith Jr.,2024-25,playoffs,2026-02-12T22:30:24.986664,-,J. Smith Jr.,F,7,20.4,7.4,2.4,4.9,50.0,1.4,3.1,45.5,1.1,1.4,80.0,3.9,0.6,0.1,0.7,1.4,0,0
99,3936099,D. Jones Jr.,2024-25,playoffs,2026-02-12T22:30:24.986721,-,D. Jones Jr.,F,7,18.4,7.3,3.0,6.9,43.8,0.9,2.9,30.0,0.4,1.1,37.5,1.9,0.3,0.6,1.3,0.4,0,0
100,4291678,H. Highsmith,2024-25,playoffs,2026-02-12T22:30:24.986777,-,H. Highsmith,F,4,21.0,7.3,2.8,4.8,57.9,1.8,3.8,46.7,0.0,0.0,0.0,3.3,1.0,0.8,0.5,1.0,0,0
101,4432171,M. Moody,2024-25,playoffs,2026-02-12T22:30:24.986840,-,M. Moody,G,12,16.1,7.1,2.3,6.7,35.0,1.3,3.8,33.3,1.2,1.4,82.4,2.2,1.2,0.5,0.3,0.3,0,0
102,6606,D. Lillard,2024-25,playoffs,2026-02-12T22:30:24.986898,-,D. Lillard,G,3,25.0,7.0,2.0,9.0,22.2,1.0,5.3,18.8,2.0,2.3,85.7,2.7,4.7,0.7,0.7,1.0,0,0
103,3037789,B. Bogdanovic,2024-25,playoffs,2026-02-12T22:30:24.986952,-,B. Bogdanovic,G,7,16.7,6.4,2.3,6.3,36.4,1.0,3.4,29.2,0.9,1.0,85.7,2.9,2.1,0.4,0.0,1.6,0,0
104,2991139,K. Dunn,2024-25,playoffs,2026-02-12T22:30:24.987010,-,K. Dunn,G,7,21.9,6.3,2.4,6.3,38.6,1.4,4.0,35.7,0.0,0.0,0.0,3.4,1.3,1.1,0.6,0.1,0,0
105,4600663,Z. Edey,2024-25,playoffs,2026-02-12T22:30:24.987064,-,Z. Edey,C,4,27.0,6.3,2.5,3.8,66.7,0.0,0.0,0.0,1.3,1.8,71.4,7.8,1.8,0.0,2.5,1.5,0,0
106,2578185,D. Finney-Smith,2024-25,playoffs,2026-02-12T22:30:24.987118,-,D. Finney-Smith,F,5,34.0,6.2,2.4,5.8,41.4,1.4,3.8,36.8,0.0,0.0,0.0,4.2,2.6,0.2,0.4,1.0,0,0
107,3195,M. Conley,2024-25,playoffs,2026-02-12T22:30:24.987171,-,M. Conley,G,15,23.7,6.0,1.9,6.4,30.2,1.3,4.0,33.3,0.8,0.9,92.3,2.9,3.3,0.6,0.2,0.8,0,0
108,6429,A. Burks,2024-25,playoffs,2026-02-12T22:30:24.987225,-,A. Burks,SG,1,15.0,6.0,2.0,3.0,66.7,2.0,3.0,66.7,0.0,0.0,0.0,2.0,2.0,0.0,0.0,0.0,0,0
109,4683747,J. Tyson,2024-25,playoffs,2026-02-12T22:30:24.987278,-,J. Tyson,G,4,7.8,6.0,1.8,3.8,46.7,1.3,2.3,55.6,1.3,1.5,83.3,1.8,1.8,0.5,0.3,0.5,0,0
110,5105806,J. Howard,2024-25,playoffs,2026-02-12T22:30:24.987336,-,J. Howard,G,1,4.0,6.0,2.0,2.0,100.0,2.0,2.0,100.0,0.0,0.0,0.0,0.0,0.0,0.0,0.0,0.0,0,0
111,3134907,K. Kuzma,2024-25,playoffs,2026-02-12T22:30:24.987389,-,K. Kuzma,F,5,20.4,5.8,2.4,7.0,34.3,0.4,2.0,20.0,0.6,1.2,50.0,2.2,0.8,0.0,0.2,0.6,0,0
112,4066757,S. Merrill,2024-25,playoffs,2026-02-12T22:30:24.987444,-,S. Merrill,G,8,19.9,5.8,1.9,5.0,37.5,1.8,4.9,35.9,0.3,0.4,66.7,2.5,1.8,0.5,0.3,0.3,0,0
113,2991235,S. Adams,2024-25,playoffs,2026-02-12T22:30:24.987496,-,S. Adams,C,7,22.1,5.7,1.7,2.9,60.0,0.0,0.0,0.0,2.3,4.3,53.3,6.6,0.6,0.4,1.1,0.7,0,0
114,3416,N. Batum,2024-25,playoffs,2026-02-12T22:30:24.987553,-,N. Batum,F,7,24.6,5.6,1.9,4.7,39.4,1.9,4.7,39.4,0.0,0.0,0.0,3.9,2.0,0.9,1.7,0.4,0,0
115,4431752,K. Brown,2024-25,playoffs,2026-02-12T22:30:24.987606,-,K. Brown,G,3,5.0,5.3,2.3,2.7,87.5,0.3,0.3,100.0,0.3,0.3,100.0,0.3,1.3,0.0,0.0,0.0,0,0
116,3448,B. Lopez,2024-25,playoffs,2026-02-12T22:30:24.987660,-,B. Lopez,C,5,14.8,5.0,1.6,4.4,36.4,0.8,3.0,26.7,1.0,1.0,100.0,1.6,0.8,0.2,1.0,0.8,0,0
117,6446,C. Joseph,2024-25,playoffs,2026-02-12T22:30:24.987714,-,C. Joseph,PG,5,24.8,5.0,2.0,4.8,41.7,1.0,3.2,31.3,0.0,0.0,0.0,1.8,3.0,1.0,0.4,0.4,0,0
118,2581018,K. Caldwell-Pope,2024-25,playoffs,2026-02-12T22:30:24.987769,-,K. Caldwell-Pope,G,5,32.6,5.0,1.6,6.0,26.7,1.2,4.6,26.1,0.6,0.8,75.0,3.0,1.8,1.4,0.6,0.4,0,0
119,4601025,P. Larsson,2024-25,playoffs,2026-02-12T22:30:24.987835,-,P. Larsson,G,4,13.0,5.0,2.0,3.8,53.3,0.8,2.0,37.5,0.3,0.8,33.3,2.3,1.0,0.3,0.0,0.5,0,0
120,5105623,K. Ware,2024-25,playoffs,2026-02-12T22:30:24.987892,-,K. Ware,C,4,18.3,4.8,2.0,4.5,44.4,0.8,2.8,27.3,0.0,0.0,0.0,4.8,1.0,0.3,0.5,0.5,0,0
121,4351852,M. Robinson,2024-25,playoffs,2026-02-12T22:30:24.987946,-,M. Robinson,C,18,20.6,4.7,1.7,2.8,60.8,0.0,0.0,0.0,1.2,3.1,39.3,7.1,0.4,0.9,0.8,0.7,1,0
122,4397227,V. Williams Jr.,2024-25,playoffs,2026-02-12T22:30:24.988000,-,V. Williams Jr.,G,3,12.7,4.7,1.3,2.3,57.1,1.3,2.3,57.1,0.7,0.7,100.0,2.3,1.3,0.7,0.3,1.0,0,0
123,3134903,G. Payton II,2024-25,playoffs,2026-02-12T22:30:24.988054,-,G. Payton II,G,11,16.4,4.6,1.9,4.3,44.7,0.8,2.1,39.1,0.0,0.0,0.0,2.2,1.5,0.9,0.0,0.5,0,0
124,4432822,I. Okoro,2024-25,playoffs,2026-02-12T22:30:24.988107,-,I. Okoro,F,9,14.2,4.6,1.7,3.3,50.0,0.7,1.8,37.5,0.6,0.9,62.5,1.2,0.6,0.7,0.1,0.4,0,0
125,4432847,T. Shannon Jr.,2024-25,playoffs,2026-02-12T22:30:24.988159,-,T. Shannon Jr.,G,9,6.3,4.6,1.4,3.0,48.1,0.3,0.9,37.5,1.3,1.3,100.0,1.1,0.3,0.4,0.0,0.3,0,0
126,3064560,L. Kornet,2024-25,playoffs,2026-02-12T22:30:24.988210,-,L. Kornet,C,11,16.4,4.5,1.9,2.6,72.4,0.0,0.0,0.0,0.7,0.7,100.0,3.9,0.5,0.5,1.2,0.5,0,0
127,3913174,L. Kennard,2024-25,playoffs,2026-02-12T22:30:24.988262,-,L. Kennard,G,4,20.0,4.5,2.0,4.5,44.4,0.5,2.3,22.2,0.0,0.0,0.0,3.5,2.0,1.0,0.3,1.5,0,0
128,4576087,P. Watson,2024-25,playoffs,2026-02-12T22:30:24.988315,-,P. Watson,G,14,14.2,4.5,1.7,4.2,40.7,0.5,1.4,36.8,0.6,1.1,50.0,2.9,0.3,0.8,0.6,0.6,0,0
129,4592714,P. Spencer,2024-25,playoffs,2026-02-12T22:30:24.988369,-,P. Spencer,G,8,7.9,4.5,2.0,3.1,64.0,0.1,0.4,33.3,0.4,0.4,100.0,1.4,0.8,0.4,0.0,0.8,0,0
130,5044385,L. Miller,2024-25,playoffs,2026-02-12T22:30:24.988423,-,L. Miller,F,3,4.3,4.3,2.0,2.7,75.0,0.3,0.3,100.0,0.0,0.0,0.0,1.7,0.0,0.0,0.0,0.3,0,0
131,3157465,D. Robinson,2024-25,playoffs,2026-02-12T22:30:24.988476,-,D. Robinson,F,4,14.8,4.3,1.3,3.5,35.7,1.0,3.0,33.3,0.8,1.0,75.0,1.0,0.3,0.0,0.0,1.5,0,0
132,4432181,J. Strawther,2024-25,playoffs,2026-02-12T22:30:24.988529,-,J. Strawther,G,9,9.8,4.2,1.4,3.3,43.3,0.7,1.3,50.0,0.7,0.8,85.7,1.0,0.2,0.2,0.1,0.6,0,0
133,4278075,K. Knox II,2024-25,playoffs,2026-02-12T22:30:24.988581,-,K. Knox II,F,5,7.6,4.2,1.6,4.0,40.0,0.2,1.2,16.7,0.8,1.0,80.0,1.4,0.8,0.0,0.2,0.4,0,0
134,4431684,T. Jackson-Davis,2024-25,playoffs,2026-02-12T22:30:24.988633,-,T. Jackson-Davis,F,9,8.9,4.1,1.8,2.0,88.9,0.0,0.0,0.0,0.6,1.4,38.5,2.3,0.2,0.3,0.2,0.1,0,0
135,3922230,A. Holiday,2024-25,playoffs,2026-02-12T22:30:24.988690,-,A. Holiday,G,3,9.0,4.0,1.3,3.3,40.0,0.7,1.7,40.0,0.7,1.3,50.0,0.7,1.0,0.0,0.0,0.3,0,0
136,4065731,J. Huff,2024-25,playoffs,2026-02-12T22:30:24.988744,-,J. Huff,C,2,9.0,4.0,1.0,2.0,50.0,0.0,0.5,0.0,2.0,2.0,100.0,1.5,0.5,0.0,1.5,0.5,0,0
137,4593016,Q. Post,2024-25,playoffs,2026-02-12T22:30:24.988798,-,Q. Post,C,12,12.2,3.8,1.3,4.0,33.3,0.8,2.7,31.3,0.3,0.3,75.0,2.3,1.0,0.3,0.3,0.5,0,0
138,4065654,J. Isaac,2024-25,playoffs,2026-02-12T22:30:24.988861,-,J. Isaac,F,5,13.8,3.6,1.4,2.4,58.3,0.2,0.8,25.0,0.6,1.0,60.0,2.0,0.4,0.4,0.2,0.4,0,0
139,4065804,S. Hauser,2024-25,playoffs,2026-02-12T22:30:24.988919,-,S. Hauser,F,8,13.5,3.5,1.3,3.0,41.7,0.9,2.6,33.3,0.1,0.1,100.0,1.5,0.5,0.1,0.1,0.4,0,0
140,4900671,A. Mitchell,2024-25,playoffs,2026-02-12T22:30:24.988972,-,A. Mitchell,G,12,7.0,3.4,1.3,2.9,45.7,0.4,1.1,38.5,0.3,0.4,80.0,0.8,0.8,0.2,0.0,0.5,0,0
141,4591725,R. Rollins,2024-25,playoffs,2026-02-12T22:30:24.989026,-,R. Rollins,G,3,10.0,3.3,1.3,4.3,30.8,0.7,2.3,28.6,0.0,0.0,0.0,0.7,1.3,0.3,0.0,0.0,0,0
142,4433076,B. Sheppard,2024-25,playoffs,2026-02-12T22:30:24.989080,-,B. Sheppard,G,21,14.0,3.2,1.1,2.4,47.1,0.7,1.8,39.5,0.2,0.2,100.0,1.9,0.4,0.4,0.0,0.5,0,0
143,4004,P. Mills,2024-25,playoffs,2026-02-12T22:30:24.989135,-,P. Mills,PG,1,4.0,3.0,1.0,2.0,50.0,1.0,1.0,100.0,0.0,0.0,0.0,0.0,0.0,0.0,0.0,1.0,0,0
144,4395620,H. Tyson,2024-25,playoffs,2026-02-12T22:30:24.989187,-,H. Tyson,F,5,6.0,3.0,1.0,2.0,50.0,0.2,1.0,20.0,0.8,0.8,100.0,1.6,0.4,0.2,0.0,0.2,0,0
145,5106060,J. Walker,2024-25,playoffs,2026-02-12T22:30:24.989241,-,J. Walker,F,12,9.8,3.0,1.1,2.8,38.2,0.7,1.7,40.0,0.2,0.3,50.0,1.8,0.7,0.2,0.2,0.6,0,0
146,3137259,G. Vincent,2024-25,playoffs,2026-02-12T22:30:24.989292,-,G. Vincent,G,5,19.8,2.8,1.0,2.8,35.7,0.8,2.6,30.8,0.0,0.0,0.0,1.0,1.0,0.2,0.4,0.2,0,0
147,4277922,J. Sims,2024-25,playoffs,2026-02-12T22:30:24.989346,-,J. Sims,C,5,11.6,2.8,1.2,1.2,100.0,0.0,0.0,0.0,0.4,0.6,66.7,4.0,0.2,0.0,0.2,1.0,0,0
148,4278562,P. Reed,2024-25,playoffs,2026-02-12T22:30:24.989398,-,P. Reed,F,5,10.6,2.8,1.0,1.6,62.5,0.0,0.0,0.0,0.8,1.2,66.7,3.0,0.2,1.0,0.6,1.0,0,0
149,3134932,J. Konchar,2024-25,playoffs,2026-02-12T22:30:24.989454,-,J. Konchar,G,4,17.3,2.8,0.8,2.3,33.3,0.3,1.5,16.7,1.0,1.0,100.0,3.3,1.5,0.5,0.5,0.5,0,0
150,4684275,R. Dillingham,2024-25,playoffs,2026-02-12T22:30:24.989508,-,R. Dillingham,G,3,5.3,2.7,1.0,2.7,37.5,0.3,0.7,50.0,0.3,0.7,50.0,0.7,2.3,0.0,0.0,0.0,0,0
151,4432823,J. Williams,2024-25,playoffs,2026-02-12T22:30:24.989563,-,J. Williams,F,17,8.3,2.6,0.9,2.1,42.9,0.5,1.5,36.0,0.4,0.6,54.5,1.9,1.0,0.5,0.1,0.7,0,0
152,3934723,T. Bryant,2024-25,playoffs,2026-02-12T22:30:24.989616,-,T. Bryant,C,20,8.4,2.6,0.8,1.7,48.5,0.5,0.9,50.0,0.6,0.7,78.6,1.4,0.2,0.2,0.3,0.4,0,0
153,4277951,L. Garza,2024-25,playoffs,2026-02-12T22:30:24.989670,-,L. Garza,C,5,3.8,2.6,1.2,1.2,100.0,0.2,0.2,100.0,0.0,0.0,0.0,0.6,0.0,0.0,0.0,0.0,0,0
154,4997536,G. Santos,2024-25,playoffs,2026-02-12T22:30:24.989722,-,G. Santos,F,10,7.2,2.6,0.9,1.7,52.9,0.4,1.0,40.0,0.4,0.6,66.7,1.2,0.8,0.3,0.1,0.6,0,0
155,2596112,J. Green,2024-25,playoffs,2026-02-12T22:30:24.989777,-,J. Green,G,6,6.5,2.5,0.7,1.7,40.0,0.2,0.8,20.0,1.0,1.0,100.0,1.5,0.3,0.7,0.0,0.3,0,0
156,4397424,N. Queta,2024-25,playoffs,2026-02-12T22:30:24.990026,-,N. Queta,C,4,3.3,2.5,1.3,1.5,83.3,0.0,0.0,0.0,0.0,0.0,0.0,0.5,0.5,0.3,0.0,0.0,0,0
157,4897943,D. Knecht,2024-25,playoffs,2026-02-12T22:30:24.990161,-,D. Knecht,F,2,2.0,2.5,1.0,2.5,40.0,0.5,2.0,25.0,0.0,0.0,0.0,1.5,0.0,0.0,0.0,0.0,0,0
158,3133626,K. Williams,2024-25,playoffs,2026-02-12T22:30:24.990236,-,K. Williams,G,16,8.6,2.4,1.0,2.5,40.0,0.3,1.3,20.0,0.2,0.4,50.0,2.2,0.4,0.4,0.1,0.4,0,0
159,3914044,L. Shamet,2024-25,playoffs,2026-02-12T22:30:24.990295,-,L. Shamet,G,11,7.5,2.4,0.8,1.8,45.0,0.6,1.4,46.7,0.1,0.4,25.0,0.4,0.7,0.1,0.0,0.4,0,0
160,6474,T. Thompson,2024-25,playoffs,2026-02-12T22:30:24.990402,-,T. Thompson,C,3,9.7,2.3,1.0,2.0,50.0,0.0,0.0,0.0,0.3,1.0,33.3,5.0,0.3,0.3,0.7,0.7,0,0
161,4396818,J. Miller,2024-25,playoffs,2026-02-12T22:30:24.990568,-,J. Miller,G,3,4.3,2.3,1.0,2.3,42.9,0.0,0.3,0.0,0.3,0.7,50.0,0.7,1.3,1.0,0.0,0.0,0,0
162,4702159,D. Jones,2024-25,playoffs,2026-02-12T22:30:24.990669,-,D. Jones,F,10,4.6,2.3,0.9,1.1,81.8,0.3,0.4,75.0,0.2,0.2,100.0,0.9,0.5,0.1,0.1,0.6,0,0
163,4432247,J. Clark,2024-25,playoffs,2026-02-12T22:30:24.990733,-,J. Clark,G,5,5.6,2.2,0.8,1.0,80.0,0.0,0.2,0.0,0.6,0.8,75.0,1.4,0.2,0.4,0.0,0.2,0,0
164,4432809,C. Anthony,2024-25,playoffs,2026-02-12T22:30:24.990792,-,C. Anthony,G,5,10.2,2.2,0.8,2.8,28.6,0.0,1.2,0.0,0.6,0.8,75.0,1.4,1.2,0.0,0.2,1.8,0,0
165,3155535,K. Looney,2024-25,playoffs,2026-02-12T22:30:24.990851,-,K. Looney,F,12,10.0,2.2,0.8,1.9,43.5,0.0,0.0,0.0,0.5,0.7,75.0,3.6,0.3,0.4,0.3,0.2,0,0
166,3064230,C. Payne,2024-25,playoffs,2026-02-12T22:30:24.990909,-,C. Payne,PG,14,7.3,2.1,0.9,2.6,32.4,0.4,1.5,23.8,0.1,0.2,33.3,0.6,0.6,0.4,0.1,0.5,0,0
167,2578239,P. Connaughton,2024-25,playoffs,2026-02-12T22:30:24.990964,-,P. Connaughton,G,3,4.7,2.0,0.7,2.7,25.0,0.3,1.3,25.0,0.3,0.7,50.0,0.7,0.3,0.0,0.0,0.3,0,0
168,2960236,M. Kleber,2024-25,playoffs,2026-02-12T22:30:24.991022,-,M. Kleber,F,1,5.0,2.0,0.0,1.0,0.0,0.0,1.0,0.0,2.0,2.0,100.0,0.0,0.0,0.0,0.0,1.0,0,0
169,3146557,J. Landale,2024-25,playoffs,2026-02-12T22:30:24.991076,-,J. Landale,C,1,5.0,2.0,1.0,2.0,50.0,0.0,0.0,0.0,0.0,0.0,0.0,0.0,0.0,0.0,0.0,0.0,0,0
170,4066405,L. Stevens,2024-25,playoffs,2026-02-12T22:30:24.991132,-,L. Stevens,F,2,6.0,2.0,1.0,4.5,22.2,0.0,1.5,0.0,0.0,0.0,0.0,2.0,0.5,0.0,0.0,0.5,0,0
171,4277964,X. Tillman,2024-25,playoffs,2026-02-12T22:30:24.991186,-,X. Tillman,F,1,8.0,2.0,1.0,4.0,25.0,0.0,2.0,0.0,0.0,0.0,0.0,3.0,0.0,0.0,0.0,0.0,0,0
172,4432810,I. Stewart,2024-25,playoffs,2026-02-12T22:30:24.991241,-,I. Stewart,F,1,19.0,2.0,1.0,2.0,50.0,0.0,0.0,0.0,0.0,0.0,0.0,5.0,1.0,0.0,2.0,0.0,0,0
173,4593841,B. Scheierman,2024-25,playoffs,2026-02-12T22:30:24.991297,-,B. Scheierman,G,4,5.5,2.0,0.8,2.5,30.0,0.5,1.3,40.0,0.0,0.0,0.0,1.0,0.0,0.0,0.0,0.3,0,0
174,4701233,C. Porter Jr.,2024-25,playoffs,2026-02-12T22:30:24.991356,-,C. Porter Jr.,G,6,5.8,2.0,1.0,2.0,50.0,0.0,0.5,0.0,0.0,0.0,0.0,1.0,1.5,0.5,0.3,0.3,0,0
175,4683771,R. Holland II,2024-25,playoffs,2026-02-12T22:30:24.991411,-,R. Holland II,F,5,6.8,1.8,0.0,1.0,0.0,0.0,0.6,0.0,1.8,2.0,90.0,1.2,0.0,0.0,0.2,1.2,0,0
176,4397077,J. Hayes,2024-25,playoffs,2026-02-12T22:30:24.991468,-,J. Hayes,C,4,7.8,1.8,0.8,2.0,37.5,0.0,0.0,0.0,0.3,0.5,50.0,2.0,0.3,0.0,0.3,0.3,0,0
177,4431679,P. Achiuwa,2024-25,playoffs,2026-02-12T22:30:24.991524,-,P. Achiuwa,PF,8,4.3,1.8,0.8,1.8,42.9,0.0,0.1,0.0,0.3,0.5,50.0,1.1,0.0,0.1,0.0,0.1,0,0
178,3912848,D. Wade,2024-25,playoffs,2026-02-12T22:30:24.991579,-,D. Wade,F,9,15.8,1.7,0.7,2.0,33.3,0.3,1.6,21.4,0.0,0.0,0.0,4.2,0.7,0.3,0.1,0.3,0,0
179,4845363,C. Christie,2024-25,playoffs,2026-02-12T22:30:24.991643,-,C. Christie,G,3,4.3,1.7,0.7,1.0,66.7,0.3,0.7,50.0,0.0,0.0,0.0,0.7,0.0,0.3,0.0,0.3,0,0
180,4398390,J. Pickett,2024-25,playoffs,2026-02-12T22:30:24.991714,-,J. Pickett,G,8,7.1,1.6,0.6,1.9,33.3,0.4,1.1,33.3,0.0,0.0,0.0,0.9,0.6,0.0,0.1,0.8,0,0
181,4997526,O. Dieng,2024-25,playoffs,2026-02-12T22:30:24.991784,-,O. Dieng,F,9,3.6,1.6,0.4,1.1,40.0,0.4,0.8,57.1,0.2,0.2,100.0,0.4,0.3,0.0,0.1,0.0,0,0
182,4065673,T. Bradley,2024-25,playoffs,2026-02-12T22:30:24.991858,-,T. Bradley,C,11,7.1,1.5,0.4,0.8,44.4,0.0,0.1,0.0,0.8,1.1,75.0,1.9,0.3,0.0,0.1,0.4,0,0
183,3999,J. Johnson,2024-25,playoffs,2026-02-12T22:30:24.991931,-,J. Johnson,PF,5,3.6,1.4,0.6,1.0,60.0,0.0,0.2,0.0,0.2,0.4,50.0,0.2,0.4,0.4,0.4,0.2,0,0
184,2999547,G. Harris,2024-25,playoffs,2026-02-12T22:30:24.992008,-,G. Harris,G,5,16.6,1.4,0.6,1.6,37.5,0.2,1.2,16.7,0.0,0.0,0.0,1.0,0.6,0.6,0.2,0.0,0,0
185,4278077,J. Vanderbilt,2024-25,playoffs,2026-02-12T22:30:24.992080,-,J. Vanderbilt,F,5,12.0,1.4,0.4,1.2,33.3,0.0,0.2,0.0,0.6,0.8,75.0,3.8,1.0,0.6,0.2,0.6,0,0
186,3914285,D. Eubanks,2024-25,playoffs,2026-02-12T22:30:24.992152,-,D. Eubanks,F,3,4.3,1.3,0.0,0.7,0.0,0.0,0.0,0.0,1.3,2.0,66.7,0.3,0.0,0.0,0.0,0.0,0,0
187,4432848,J. Jaquez Jr.,2024-25,playoffs,2026-02-12T22:30:24.992232,-,J. Jaquez Jr.,F,3,6.3,1.3,0.3,2.0,16.7,0.0,0.7,0.0,0.7,0.7,100.0,1.3,0.3,0.0,0.0,0.3,0,0
188,4871141,A. Hukporti,2024-25,playoffs,2026-02-12T22:30:24.992379,-,A. Hukporti,C,3,1.7,1.3,0.7,0.7,100.0,0.0,0.0,0.0,0.0,0.7,0.0,0.7,0.0,0.0,0.0,0.0,0,0
189,2528693,T. Craig,2024-25,playoffs,2026-02-12T22:30:24.992510,-,T. Craig,SF,5,4.2,1.2,0.4,0.8,50.0,0.4,0.6,66.7,0.0,0.0,0.0,1.0,0.6,0.2,0.0,0.2,0,0
190,2990962,T. Prince,2024-25,playoffs,2026-02-12T22:30:24.992570,-,T. Prince,F,5,12.2,1.2,0.4,2.0,20.0,0.4,1.8,22.2,0.0,0.0,0.0,1.0,1.6,0.4,0.2,1.0,0,0
191,4433623,C. Houstan,2024-25,playoffs,2026-02-12T22:30:24.992628,-,C. Houstan,G,5,9.4,1.2,0.4,2.8,14.3,0.4,2.0,20.0,0.0,0.0,0.0,0.8,0.2,0.0,0.2,0.4,0,0
192,3064447,D. Wright,2024-25,playoffs,2026-02-12T22:30:24.992682,-,D. Wright,G,6,8.0,1.2,0.3,1.5,22.2,0.2,1.0,16.7,0.3,0.3,100.0,0.3,0.8,0.5,0.2,0.2,0,0
193,4431690,Z. Nnaji,2024-25,playoffs,2026-02-12T22:30:24.992738,-,Z. Nnaji,F,6,5.7,1.2,0.2,1.3,12.5,0.2,1.0,16.7,0.7,1.2,57.1,1.2,0.3,0.2,0.3,0.3,0,0
194,3209,J. Green,2024-25,playoffs,2026-02-12T22:30:24.992793,-,J. Green,F,3,1.7,1.0,0.3,1.0,33.3,0.3,0.3,100.0,0.0,0.0,0.0,0.3,0.0,0.0,0.0,0.0,0,0
195,4278052,C. Okeke,2024-25,playoffs,2026-02-12T22:30:24.992849,-,C. Okeke,F,3,4.3,1.0,0.3,1.3,25.0,0.3,1.3,25.0,0.0,0.0,0.0,0.0,0.3,0.3,0.0,0.0,0,0
196,4431786,K. Johnson,2024-25,playoffs,2026-02-12T22:30:24.992919,-,K. Johnson,F,2,4.0,1.0,0.5,0.5,100.0,0.0,0.0,0.0,0.0,0.0,0.0,0.5,0.0,0.0,0.0,0.5,0,0
197,4433225,T. Kolek,2024-25,playoffs,2026-02-12T22:30:24.992979,-,T. Kolek,G,3,2.0,1.0,0.3,0.3,100.0,0.3,0.3,100.0,0.0,0.0,0.0,0.3,1.0,0.0,0.0,0.0,0,0
198,4576085,J. Davison,2024-25,playoffs,2026-02-12T22:30:24.993034,-,J. Davison,G,4,3.3,1.0,0.3,2.0,12.5,0.3,0.5,50.0,0.3,0.5,50.0,0.8,0.8,0.0,0.0,0.3,0,0
199,4687718,J. Minott,2024-25,playoffs,2026-02-12T22:30:24.993091,-,J. Minott,F,5,4.6,1.0,0.4,1.6,25.0,0.2,1.2,16.7,0.0,0.0,0.0,0.0,0.4,0.0,0.2,0.4,0,0
200,5211983,P. Dadiet,2024-25,playoffs,2026-02-12T22:30:24.993145,-,P. Dadiet,F,2,2.0,1.0,0.5,0.5,100.0,0.0,0.0,0.0,0.0,0.0,0.0,0.0,0.0,0.0,0.0,0.0,0,0
201,3442,D. Jordan,2024-25,playoffs,2026-02-12T22:30:24.993199,-,D. Jordan,C,7,5.1,0.9,0.4,0.4,100.0,0.0,0.0,0.0,0.0,0.6,0.0,1.3,0.3,0.0,0.1,0.3,0,0
202,3907387,B. Simmons,2024-25,playoffs,2026-02-12T22:30:24.993254,-,B. Simmons,PG,5,8.4,0.8,0.4,1.2,33.3,0.0,0.0,0.0,0.0,0.0,0.0,1.4,0.8,0.2,0.8,0.4,0,0
203,4278402,J. Goodwin,2024-25,playoffs,2026-02-12T22:30:24.993310,-,J. Goodwin,G,4,7.8,0.8,0.3,1.3,20.0,0.0,0.5,0.0,0.3,0.5,50.0,1.3,0.5,0.3,0.3,0.3,0,0
204,4348700,G. Bitadze,2024-25,playoffs,2026-02-12T22:30:24.993364,-,G. Bitadze,C,3,3.7,0.7,0.3,0.3,100.0,0.0,0.0,0.0,0.0,0.0,0.0,1.0,0.3,0.0,0.3,0.0,0,0
205,4066240,B. Key,2024-25,playoffs,2026-02-12T22:30:24.993422,-,B. Key,F,5,4.6,0.4,0.2,1.6,12.5,0.0,0.2,0.0,0.0,0.0,0.0,1.8,0.2,0.4,0.4,0.6,0,0
206,5157066,J. Furphy,2024-25,playoffs,2026-02-12T22:30:24.993478,-,J. Furphy,G,11,3.2,0.2,0.1,0.4,25.0,0.0,0.2,0.0,0.0,0.1,0.0,0.5,0.1,0.0,0.1,0.1,0,0
207,3033,P.J. Tucker,2024-25,playoffs,2026-02-12T22:30:24.993537,-,P.J. Tucker,PF,1,4.0,0.0,0.0,0.0,0.0,0.0,0.0,0.0,0.0,0.0,0.0,0.0,0.0,0.0,0.0,0.0,0,0
208,2596107,A. Len,2024-25,playoffs,2026-02-12T22:30:24.993590,-,A. Len,C,2,2.0,0.0,0.0,0.5,0.0,0.0,0.0,0.0,0.0,0.0,0.0,2.0,0.0,0.0,0.0,0.0,0,0
209,2993874,K. Anderson,2024-25,playoffs,2026-02-12T22:30:24.993647,-,K. Anderson,F,2,7.0,0.0,0.0,1.0,0.0,0.0,0.0,0.0,0.0,0.0,0.0,0.5,0.5,0.0,0.0,0.5,0,0
210,3915195,S. Milton,2024-25,playoffs,2026-02-12T22:30:24.993701,-,S. Milton,SG,2,2.0,0.0,0.0,0.5,0.0,0.0,0.0,0.0,0.0,0.0,0.0,0.0,0.0,0.0,0.0,0.0,0,0
211,4230557,V. Cancar,2024-25,playoffs,2026-02-12T22:30:24.993757,-,V. Cancar,SF,3,3.7,0.0,0.0,0.0,0.0,0.0,0.0,0.0,0.0,0.0,0.0,0.7,0.0,0.0,0.0,0.7,0,0
212,4397821,N. Williams,2024-25,playoffs,2026-02-12T22:30:24.993809,-,N. Williams,G,3,1.7,0.0,0.0,0.3,0.0,0.0,0.3,0.0,0.0,0.0,0.0,0.0,0.0,0.0,0.0,0.3,0,0
213,4432190,A. Jackson Jr.,2024-25,playoffs,2026-02-12T22:30:24.993865,-,A. Jackson Jr.,G,2,2.5,0.0,0.0,0.5,0.0,0.0,0.5,0.0,0.0,0.0,0.0,0.0,0.0,0.0,0.0,0.0,0,0
214,4433622,C. Livingston,2024-25,playoffs,2026-02-12T22:30:24.993923,-,C. Livingston,F,2,2.5,0.0,0.0,0.5,0.0,0.0,0.5,0.0,0.0,0.0,0.0,0.5,0.0,0.0,0.0,0.0,0,0
215,4683689,J. Walsh,2024-25,playoffs,2026-02-12T22:30:24.993978,-,J. Walsh,G,5,3.0,0.0,0.0,0.2,0.0,0.0,0.2,0.0,0.0,0.0,0.0,0.2,0.2,0.0,0.0,0.0,0,0
216,4683774,B. James,2024-25,playoffs,2026-02-12T22:30:24.994032,-,B. James,G,2,2.0,0.0,0.0,1.0,0.0,0.0,1.0,0.0,0.0,0.0,0.0,0.0,0.0,0.0,0.0,0.0,0,0
217,4702382,T. da Silva,2024-25,playoffs,2026-02-12T22:30:24.994087,-,T. da Silva,F,2,2.5,0.0,0.0,0.5,0.0,0.0,0.5,0.0,0.0,0.0,0.0,2.0,0.5,0.0,0.0,1.0,0,0
218,4711272,R. Sheppard,2024-25,playoffs,2026-02-12T22:30:24.994141,-,R. Sheppard,G,3,3.3,0.0,0.0,0.7,0.0,0.0,0.7,0.0,0.0,0.0,0.0,0.3,0.3,0.7,0.3,0.3,0,0
219,5105592,C. Whitmore,2024-25,playoffs,2026-02-12T22:30:24.994194,-,C. Whitmore,F,3,1.7,0.0,0.0,0.7,0.0,0.0,0.3,0.0,0.0,0.0,0.0,0.3,0.0,0.0,0.0,0.0,0,0
